tweet id,sentiment,target,annotator id,comment,dispute
10237553563, negative, hcr,aluckhardt,,
10239984258, negative, hcr,aluckhardt,,
10240791063, negative, dems,aluckhardt,,
10253203734, negative, hcr,aluckhardt,"Factual, but wait times were a prominent criticism of hcr and #hcr is present.",
10255459398, negative, gop,aluckhardt,Also positive for hcr.,
10255930511, negative,conservatives,aluckhardt,,
10268857013, negative,obama,aluckhardt,,
10284982547, negative,conservatives,aluckhardt,"Because ""death panels"" were a criticism associated with prominent conservatives. Could also be teaparty.",
10286758830, negative,conservatives,aluckhardt,Not necessarily positive for hcr because only claims that often-cited criticisms are incorrect.,
10287678432, negative, hcr,aluckhardt,,
10287773768, negative,obama,aluckhardt,Could be dems instead.,
10294219761, negative, other,aluckhardt,"I can't tell if the ""brainwashed"" are supporters or opponents of hcr. Could be opposed to dems weakening hcr in reconciliation. Or opponents could be derailing needed change.",
10296807551, negative, hcr,aluckhardt,"""Socialized"" carried negative connotation for hcr.",
10250669782, neutral, hcr,aluckhardt,,
10290103232, neutral, hcr,aluckhardt,,
10250616855,positive, hcr,aluckhardt,"Also negative for Palin, as tweet implies hypocrisy on her part.",
10255992832,positive, hcr,aluckhardt,,
10272412959,positive, hcr,aluckhardt,,
10290782310,positive, hcr,aluckhardt,"All caps emphasizes sentiment in this factual tweet. Could be negative for conservatives, who suggested that more than 4% didn't want reform.",
10296651867,positive,teaparty,aluckhardt,,
9959331913,irrelevant,other ,AMahmud,advertising ,
9946829766,negative,gop,AMahmud,,
9898405633,negative ,obama ,AMahmud,,
9915233477,negative ,hcr,AMahmud,,
9941134669,negative ,obama,AMahmud,,
9941460369,negative ,hcr,AMahmud,negative toward health care reform ,
9945515119,negative ,hcr,AMahmud,Sarcastic?,
9951361736,negative ,gop,AMahmud,,
9971475686,negative ,hcr ,AMahmud,,
9985323762,negative ,obama,AMahmud,,
9634286658,neutral ,hcr,AMahmud,,
9942797405,neutral ,hcr,AMahmud,,neutral or positive 
9939119667,positive ,other,AMahmud,,
9946568883,positive ,hcr,AMahmud,,
9946494391,neutral,dems,AMahmud,,
9964953434,irrelevant ,other ,AMahmud ,,
9954110972,negative ,hcr ,AMahmud ,,
9979336723,negative ,hcr,AMahmud ,sarcasm  ,
9980033289,negative ,hcr,AMahmud ,,
9979439767,positive ,hcr ,AMahmud ,,
10267241057,negative,gop,athornton,Shows negative sentiment to Rove,
10278968512,negative,hcr,athornton,"sarcastic?, might be irrelevant since talking about Clinton",
10281108398,negative,dems,athornton,"""ram"" and ""Slaughter"" are negative, takeover itself could be positive",
10281128016,negative,dems,athornton,"""ram"" and ""Slaughter"" are negative, takeover itself could be positive, fact that its RT by a GOP shows possibly negative action",
10282024773,negative,hcr,athornton,Could be sarcastic,
10282205697,negative,dems,athornton,,
10283310839,negative,hcr,athornton,"Unclear what is ""Suicide,"" can't follow link, but obviously negative and about hcr",
10284526068,negative,hcr,athornton,,
10285180077,negative,dems,athornton,"""Slaughter Solution"" is negative towards Dems",
10293140668,negative,hcr,athornton,"This is negative towards the current health reform, but positive about the ""real"" health reform",
10297265307,negative,hcr,athornton,sarcastic,
10278098905,neutral,hcr,athornton,,
10278377278,neutral,hcr,athornton,,
10279187624,neutral,hcr,athornton,,
10281202702,neutral,hcr,athornton,HCR because it is talking about a new bill for Medicare,
10281322366,neutral,hcr,athornton,,
10282028459,neutral,hcr,athornton,,
10279410405,positive,hcr,athornton,"positive about the conference, not necessarily hcr",
10299433446,positive,hcr,athornton,,
10281071034,positive,hcr,athornton,,
10227824429,negative,conservatives,bwelch,"This is directly irrelevant to HCR, but they want it passed so that Limbaugh will leave the country, does this constitute the target as ""conservatives"" (as Limbaugh is conservative) or other (as it does not target all conservatives, just one)?",
9856788944, negative, hcr,bwelch,,
9884143478, negative, hcr,bwelch,,
9887380083, negative,obama,bwelch,"The person is obviously FOR a health care reform, they just don't seem to like the proposed bill. This could be negative towards either Obama who created the bill and/or this specific HCR.",
9891780777, negative, hcr,bwelch,,
9936660635, negative,obama,bwelch,,
9937632290, negative, hcr,bwelch,,
9946380906, negative, gop,bwelch,,
9950777335, negative, gop,bwelch,,
9981821140, negative,obama,bwelch,,
9983210793, negative, hcr,bwelch,,
10031362290, negative, hcr,bwelch,,
10100577202, negative, liberals,bwelch,,
10223703417, negative, hcr,bwelch,,
9631372657,positive, hcr,bwelch,,this tweet could be considered neutral because it is only stating a statistic<< but no one wants to die so its def pro hcr
9856510134,positive, hcr,bwelch,,
9938177900,positive, hcr,bwelch,,
10051771599,positive, hcr,bwelch,,
10226088073,positive, hcr,bwelch,,
10077260163,negative, hcr,bwelch,"This one seems to be objective and just stating that there are 3,000 mandates and the regulations have yet to be written, but it also seems to have a negative undertone, especially considering the #teaparty tag. ",
10641153052, negative,obama,dadaniel,,
10641231917, negative,obama,dadaniel,,
10641468614, negative, hcr,dadaniel,,
10642039194, negative,conservatives,dadaniel,,
10642175388, negative,obama,dadaniel,,
10642191213, negative, other,dadaniel,,
10642257135, negative, dems,dadaniel,,
10643572405, negative,obama,dadaniel,,
10643680516, negative,obama,dadaniel,,
10645383003, negative, liberals,dadaniel,,
10645763388, negative, other,dadaniel,"seems negative towards an Insurance Company, as representative of the Insurance Industry",
10647935847, negative, hcr,dadaniel,,
10633077050, neutral, hcr,dadaniel,,
10644703373, neutral, hcr,dadaniel,,
10646367098, neutral,obama,dadaniel,,
10636787136,positive, hcr,dadaniel,,
10642177625,positive,conservatives,dadaniel,,
10645886726,positive, hcr,dadaniel,,
10646121309,positive, hcr,dadaniel,,
10646576559,positive, hcr,dadaniel,,
10609413457,irrelevant,hcr,dchan,,
10610422560,irrelevant,other,dchan,Not related. Link links to an 'intrade' celebrity stock exchange with celebrity as stocks? O_o,
10610751271,irrelevant,other,dchan,,
10616430498,irrelevant,other,dchan,links to video,
10617968552,irrelevant,other,dchan,,
10618771096,irrelevant,other,dchan,,
10600781757,negative,obama,dchan,,
10608226945,negative,hcr,dchan,,
10608358990,negative,hcr,dchan,,
10620687351,negative,hcr,dchan,,
10621057674,negative,hcr,dchan,,
10582547976,neutral,hcr,dchan,,
10603767263,neutral,gop,dchan,,
10580729914,positive,hcr,dchan,,
10603963123,positive,hcr,dchan,,
10617801820,positive,hcr,dchan,,
10617920168,positive,hcr,dchan,,
10618324016,positive,hcr,dchan,,
10618743979,positive,hcr,dchan,,
10619044629,positive,hcr,dchan,,
9891228882,irrelevant,other,ddean,,
9830505207,negative,obama,ddean,clearly wants HCR,
9892060621,negative,dems,ddean,clearly a republican,
9936124524,negative,gop,ddean,,
9938342381,negative,gop,ddean,,
10671791791,negative,hcr,ddean,,
10671865553,negative,hcr,ddean,,
10671989094,negative,obama,ddean,,
10672148860,negative,dems,ddean,,
9907313767,neutral,hcr,ddean,,
9934100489,neutral,obama,ddean,,
9934199970,neutral,dems,ddean,,
9937054133,neutral,obama,ddean,,
9940506487,neutral,hcr,ddean,,
10670289215,neutral,hcr,ddean,,
10670927782,neutral,other,ddean,,
10671322063,neutral,hcr,ddean,,
9936572457,positive,obama,ddean,,
9936635329,positive,hcr,ddean,,
10666475271,positive,hcr,ddean,,
10671600958,positive,hcr,ddean,,
9899825805,negative,gop,ddean,definitely a stab at Sarah Palin,
10672042727,neutral,hcr,ddean,,
10638246364, negative, hcr,dhagan,,
10657793846, negative, other,dhagan,"""Other"" being Kucinich, but this could also be Positive",
10659471717, negative, hcr,dhagan,,
10663766421, negative, hcr,dhagan,,
10666490992, negative, hcr,dhagan,,
10669348320, negative,obama,dhagan,It's the quotation marks that make it sarcastic,
10670711808, negative, hcr,dhagan,,
10676178779, negative,obama,dhagan,,
10622971998, neutral, hcr,dhagan,,
10643148842, neutral,conservatives,dhagan,,
10666695978, neutral,conservatives,dhagan,,
10668481130, neutral,obama,dhagan,,
10669819730, neutral, dems,dhagan,,
10672310628, neutral, hcr,dhagan,spam?,
10672392220, neutral, hcr,dhagan,,
10672586478, neutral, hcr,dhagan,,
10672727589, neutral, hcr,dhagan,,
10655519211,positive,conservatives,dhagan,,
10657139612,positive,conservatives,dhagan,,
10657657108,positive, gop,dhagan,,
10664353714,positive, hcr,dhagan,,
10231680981,negative,conservatives,dperez,vodka and palin,
10239775067, irrelevant, other,dperez,,
10209788775, negative, hcr,dperez,,
10232408086, negative, hcr,dperez,disputes cuba as an example for hcr,
10233004288, negative, hcr,dperez,against passage of hcr,
10233624895, negative,conservatives,dperez,,
10279920490, negative, hcr,dperez,,
10342676769, negative,obama,dperez,,
10486346025, negative, hcr,dperez,,
10231310641, neutral, hcr,dperez,comment about speed of bill,
10232410285, neutral, hcr,dperez,about an alternative done in indiana,
10232517608, neutral, hcr,dperez,attacks news networks for lack of coverage on hcr,
10232613952, neutral, hcr,dperez,comment about speed of bill,
10233025310, neutral, other,dperez,article,
10214057873,positive, hcr,dperez,,"This could be irrelevant since it's mainly talking about Canadian health care, it would be best if could read link"
10228082667,positive, hcr,dperez,,
10232651505,positive, hcr,dperez,,
10233678824,positive, hcr,dperez,,
10238648789,positive, hcr,dperez,,
10248266224,positive, hcr,dperez,,
10274868195,positive, hcr,dperez,,
10349107002,positive, hcr,dperez,,
10231144370,positive, hcr,dperez,not clear of position but clearly wants to be heard,
10231564842,negative,other,dperez,comment about publicity of rally not clear on position,
10380697915, negative, hcr,dperez ,,
10172006423,irrelevant,other,ecobert,,
10172286152,negative,dems,ecobert,"sarcasm, the word ""very"" is in all caps, so it is hard to determine whether this person is actually interested or not. ",
10173095157,negative,hcr,ecobert,,
10175256482,negative,dems,ecobert,"this comment is negative towards Pelosi, saying that she has no ethics",
10176417565,negative,obama,ecobert,"sarcasm, obama is not answering questions about hcr and he is making it better by not saying anything about it, thus the comment in sarcastic towards obama",
10176598357,negative,hcr,ecobert,"sarcasm, based on the excessive amount of exclamation points",
10176897635,negative,hcr,ecobert,,
10177091274,negative,obama,ecobert,,
10178087984,negative,hcr,ecobert,,
10179037742,negative,obama,ecobert,"sarcasm, it sounds like this person is mocking obama",
10180038129,negative,obama,ecobert,saying obama is not aware of reality,
10180530494,negative,obama,ecobert,sounds like this person is not in favor of Obama's hcr and wants money to spent elsewhere,
10182741033,negative,hcr,ecobert,"sarcasm, because Canada is not close by and referring that hcr is far away",but this is surely positive for health care REFORM
10184784682,negative,hcr,ecobert,an American went to another country to get health care,
10069681221,neutral,hcr,ecobert,,
10173623992,neutral,hcr,ecobert,"does not seem to possess negative or positive opinions toward hcr, Obama, or any political parties",
10173937319,neutral,dems,ecobert,"this sounds like it could be negative or it could be positive by the use of the word ""interesting."" ",
10176241552,positive,dems,ecobert,"this comment is in support of Roxanne Conlin, but is irrelevant because it does not mention hcr",
10138725585,neutral,other,ecobert,,
10171209737,neutral,stupak,ecobert,,
9936990232,irrelevant,other,emullenax,,
9547821864,negative,hcr,emullenax,,
9886782190,negative,other,emullenax,,
9887605693,negative,hcr,emullenax,"""Exposing the Truth"" makes it seem like they think its a scam, and therefore, negative",
9898323871,negative,other,emullenax,,
9887471130,neutral,hcr,emullenax,,
9888157871,neutral,hcr,emullenax,,
9891663108,neutral,other,emullenax,Could be negative?,
9903355958,neutral,other,emullenax,Could be considered pro-HCR by posting this,
9936460230,neutral,obama,emullenax,,
9936503107,neutral,hcr,emullenax,Feel like it could go either pro-HCR or not,
9893622885,positive,conservatives,emullenax,,
9906449654,positive,hcr,emullenax,,
9906670566,positive,hcr,emullenax,,
9932342621,positive,hcr,emullenax,,
9936137466,positive,hcr,emullenax,"Without the context of the conversation this quote was taken from, I'm not totally sure it's positive",
9936571901,positive,obama,emullenax,,
9937343281,positive,hcr,emullenax,,
9913064420,negative,other,emullenax,,
9931766953,negative,hcr,emullenax,Could be negative,
10533665920,irrelevant,other,ewilliams,"This tweet is obviously negative but I am unsure of who ""she"" refers to so I am unable to choose a target other than whoever ""she"" is",
10084363753,negative,hcr,ewilliams,,
10092436555,negative,hcr,ewilliams,This tweet implies the the hcr is weak.,The person who posted this tweet may feel as though the hcr is strong but could stand to be a little stronger
10190055121,negative,hcr,ewilliams,This tweet is sarcastic,
10195899801,negative,hcr,ewilliams,,
10231233371,negative,obama,ewilliams,sarcasm,
10286702429,negative,hcr,ewilliams,"This tweet is obviously sarcastic, making it a negative tweet towards the hcr",
10494461376,negative,obama,ewilliams,this tweet is targeting both obama and the hcr,
10497460793,negative,liberals,ewilliams,,
10502521624,negative,hcr,ewilliams,"although the tweet does not have individual words leading me to believe the tweet is neagtive the quotes on the word ""freedom"" can assumed to be sarcastic",
10532474856,negative,obama,ewilliams,,
10556641356,negative,hcr,ewilliams,,
10568695087,negative,hcr,ewilliams,,
10623633015,negative,hcr,ewilliams,,
10635018678,negative,dems,ewilliams,"""You democrats"" implies that the tweeter is not a demcrat  and is in disbelied at their decisions.",
10655014738,negative,hcr,ewilliams,,
10085358523,neutral,hcr,ewilliams,,
10224674729,neutral,hcr,ewilliams,,
10554791522,neutral,hcr,ewilliams,The tweet does not choose a side on the health care issue,
10656320634,neutral,hcr,ewilliams,,
10142131514,negative,hcr,ewilliams,I am unsure of whether this tweet is positive or negative beacuse it does not really take a stand it is for health car but is not necessarily a negative tweet,
9986902058,irrelevant ,other,faiza,,
9987976439,negative,gop,faiza,,
9989108061,negative,dems,faiza,,
9989149695,negative,dems,faiza,,
9989965691,negative,teaparty,faiza,,
9990963838,negative,obama,faiza,,
9991231073,negative,obama,faiza,,
9925391032,neutral,dems,faiza,,"this can be negative too because it is stats that passing the hcl, it will negatively effect democrats. "
9987260347,neutral,gop,faiza,,
9988549907,neutral,hcr,faiza,,
9990206427,neutral,dems,faiza,,
9990628829,neutral,gop,faiza,,
9991843654,neutral,gop,faiza,,
9993845299,neutral,hcr,faiza,,
9983607072,positive,hcr,faiza,,
9984415473,positive,hcr,faiza,,
9987599741,positive,hcr,faiza,,
9990139574,positive,gop,faiza,,
9993690475,positive,hcr,faiza,,
9993972221,positive,hcr,faiza,,
9970606750,positive,hcr,jbaldrid,,
9974851496,positive,hcr,jbaldrid,,
9978219534,neutral,hcr,jbaldrid,,
9981657290,negative,hcr,jbaldrid,,
9981841350,negative,hcr,jbaldrid,,
9981947893,irrelevant,other,jbaldrid,,
9982115684,negative,hcr,jbaldrid,,
9985338079,negative,gop,jbaldrid,,
9985531924,positive,dems,jbaldrid,,
9986128598,irrelevant,other,jbaldrid,,
9987906789,neutral,hcr,jbaldrid,,
9989763911,positive,hcr,jbaldrid,,
9992510255,positive,hcr,jbaldrid,,
9994666641,positive,hcr,jbaldrid,,
9995369091,positive,dems,jbaldrid,,
9996776247,positive,hcr,jbaldrid,,
9996877124,neutral,hcr,jbaldrid,,
9997529461,negative,dems,jbaldrid,,
9999895411,neutral,hcr,jbaldrid,,
10001001687,positive,hcr,jbaldrid,,
10004117364,irrelevant,other,jbaldrid,,
10006107521,positive,hcr,jbaldrid,,
10006256126,positive,hcr,jbaldrid,,
10025737426,positive,hcr,jbaldrid,,
10031135693,irrelevant,other,jbaldrid,,
10032284695,negative,gop,jbaldrid,A tricky one,
10033755742,negative,hcr,jbaldrid,,
10034197106,negative,gop,jbaldrid,,
10034923907,neutral,hcr,jbaldrid,,
10035717135,negative,hcr,jbaldrid,,
10036273848,neutral,hcr,jbaldrid,,
10037376757,negative,conservatives,jbaldrid,,
10037777088,neutral,hcr,jbaldrid,,
10038063172,negative,gop,jbaldrid,,
10038267003,negative,conservatives,jbaldrid,,
10038781266,negative,gop,jbaldrid,,
10040278199,negative,conservatives,jbaldrid,,
10040358353,negative,conservatives,jbaldrid,,
10040779594,neutral,hcr,jbaldrid,,
10042469182,positive,hcr,jbaldrid,,
10042939134,negative,hcr,jbaldrid,,
10043196699,negative,hcr,jbaldrid,,
10043457541,negative,obama,jbaldrid,,
10044688606,negative,hcr,jbaldrid,,
10046224080,irrelevant,other,jbaldrid,,
10046474514,negative,hcr,jbaldrid,,
10046984522,positive,hcr,jbaldrid,,
10049883540,positive,hcr,jbaldrid,,
10050692351,negative,conservatives,jbaldrid,,
10050824334,positive,hcr,jbaldrid,,
9833194457,irrelevant, other,jbaldridge,,
9486685191,negative,hcr,jbaldridge,#handsoff indicates neg sentiment,
9805596094,negative,gop,jbaldridge,,
9813968624,negative,obama,jbaldridge,,
9815547521,negative,obama,jbaldridge,,
9818412129,negative,gop,jbaldridge,,
9820647438,negative,gop,jbaldridge,,
9823954323,negative,obama,jbaldridge,,
9831595781,negative,dems,jbaldridge,,
9833546179,negative,dems,jbaldridge,,
9833856100,negative,hcr,jbaldridge,,
9834046356,negative,hcr,jbaldridge,,
9834253146,negative,hcr,jbaldridge,,
9834411980,negative,hcr,jbaldridge,,
9835113354,negative,conservatives,jbaldridge,,
9835395245,negative,gop,jbaldridge,,
9841813921,negative,gop,jbaldridge,,
9885614877,negative,gop,jbaldridge,,
10351814427,negative,hcr,jbaldridge,,
9813729985,neutral,hcr,jbaldridge,could be negative,
9826948085,neutral,hcr,jbaldridge,,
9829036400,neutral,hcr,jbaldridge,not clear what the tweeter's position is -- only clear that they think the cartoon is funny,
9833086040,neutral,hcr,jbaldridge,,
9833167904,neutral,hcr,jbaldridge,,
9833898202,neutral,hcr,jbaldridge,,
9796647602,positive,hcr,jbaldridge,sarcasm?,
9809649487,positive,hcr,jbaldridge,,
9827033400,positive,gop,jbaldridge,,
9827077675,positive,hcr,jbaldridge,,
9827168409,positive,hcr,jbaldridge,,
9828406039,positive,hcr,jbaldridge,,
9834000711,positive,hcr,jbaldridge,,
9834665787,positive,hcr,jbaldridge,,"This tweet may be negative because of the polarity flip after ""love my country"". "
7529945865,negative,other,jbaldridge,,
9936238333,negative,obama,jbaldridge,,
9954443319,negative,hcr,jbaldridge,,
9954465556,negative,hcr,jbaldridge,,
9873427840, negative, other,jschmitt,,
9877847297, negative, dems,jschmitt,,
9895564573, negative,obama,jschmitt,,
9897416377, negative,conservatives,jschmitt,,
9899774101, negative,conservatives,jschmitt,,
9904782611, negative,conservatives,jschmitt,,
9926914642, negative, hcr,jschmitt,,
9877433038, neutral, hcr,jschmitt,,
9877681540, neutral, other,jschmitt,this seems to be about global warming,
9904234690, neutral, hcr,jschmitt,,
9916908101, neutral, hcr,jschmitt,,
9923408264, neutral, hcr,jschmitt,,
9927981222, neutral, hcr,jschmitt,,
9833304862,neutral,hcr,jschmitt,,
9863556020,neutral,obama,jschmitt,,
9631777207,positive, hcr,jschmitt,,
9868581564,positive,conservatives,jschmitt,cutting premiums and deficit a +,
9921984622,positive, dems,jschmitt,,
9930715595,positive, liberals,jschmitt,,
9929358162,neutral, hcr,jschmitt,,
10033734669,irrelevant,other,kona,sentiment is negative towards Congress,
10082858979,irrelevant,other,kona,,
10132343284,irrelevant,other,kona,negative sentiment towards Bart Stupak,
10038941609,negative,obama,kona,an insulting joke about Obama,
10072352868,negative,hcr,kona,capital letters imply frustration with the lying,
10117602921,negative,hcr,kona,"could be negative towards Obama because uses phrase ""Obamacare"", which is an insult to Obama and hcr",
10126283568,negative,obama,kona,,
10127338783,negative,gop,kona,"capital letters in ""NEVER"" place extreme emphasis on negativity",
10189992357,negative,hcr,kona,sarcasm,
10197207175,negative,conservatives,kona,insulting joke,
10197781563,negative,hcr,kona,"possible that negative sentiment is towards Obama due to the use of ""ObamaCare""",
10201448919,negative,teaparty,kona,"uses the term ""teabaggers"" as a derogatory term for members of the tea party",
10218381254,neutral,dems,kona,,
10224548182,neutral,other,kona,,relevant to health care?
10224688786,neutral,hcr,kona,,
10225074199,neutral,dems,kona,,
10227894032,neutral,other,kona,,
10228018429,neutral,hcr,kona,,
10141460173,positive,hcr,kona,possible that positive sentiment is more directed toward progressives than hcr,
10227684943,positive,other,kona,positive sentiment towards Ann Kirkpatrick,
10589220972,negative,dems,lbher,,
10589524410,negative,hcr,lbher,,
10589730705,negative,dems,lbher,,
10591960794,negative,hcr,lbher,,
10592001832,negative,obama,lbher,,
10593340969,negative,dems,lbher,,
10594739890,negative,hcr,lbher,,
10597094121,negative,gop,lbher,,
10598323174,negative,hcr,lbher,,
10600356425,negative,hcr,lbher,,
10590444206,neutral,hcr,lbher,,
10600825861,neutral,hcr,lbher,,
10581329868,positive,hcr,lbher,,
10585904324,positive,obama,lbher,,
10588828885,positive,hcr,lbher,,
10589207614,positive,hcr,lbher,,
10590316033,positive,hcr,lbher,,
10594850893,positive,hcr,lbher,,
10599816666,positive,hcr,lbher,,
10599920804,positive,teaparty,lbher,,
9879679222,irrelevant,other,luxanderson,This seems unrelated to health care in America. But negative nonetheless. ,
9879934743,irrelevant,other,luxanderson,"This also seems unrelated and, in fact, is an index rather than a tweet/blog.",
9883711115,irrelevant,other,luxanderson,Unrelated yet interesting,
9699003841,negative,hcr,luxanderson,,
9837629055,negative,hcr,luxanderson,,
9854737989,negative,conservatives,luxanderson,"Though there are no distinguishing factors to make this negative, I don't see why it would be written about unless there was some sort of problem or disagreement with what is being reported.",
9879519045,negative,hcr,luxanderson,,
9880295476,negative,obama,luxanderson,,
9880632975,negative,obama,luxanderson,,
9881124457,negative,obama,luxanderson,,
9884704169,negative,obama,luxanderson,,
9633925018,neutral,hcr,luxanderson,,
9878604655,neutral,hcr,luxanderson,,
9881746229,neutral,hcr,luxanderson,,
9853269996,positive,obama,luxanderson,,
9855035486,positive,hcr,luxanderson,"I'm guessing ""Tea Party"" means active citizens.",
9862213409,positive,hcr,luxanderson,I feel like CNN reporters have an obligation to be mostly neutral and fact-adherers but this does have an air of negativity.,
9849882436,negative,conservatives,luxanderson,There is no link.,
9851232143,negative,gop,luxanderson,There is no link.,
10533054076, negative, other,maherz,,
10567078289, negative, hcr,maherz,,
10570935517, negative, dems,maherz,,
10573322417, negative, hcr,maherz,,
10573381732, negative, hcr,maherz,,
10574706478, negative, dems,maherz,,
10574881623, negative, hcr,maherz,,
10575142532, negative, hcr,maherz,,
10575297475, negative,obama,maherz,,
10575863588, negative, hcr,maherz,use of 'damn',
10576440220, negative,teaparty,maherz,,
10576510937, negative,obama,maherz,,
10574595426, neutral, hcr,maherz,,
10574795577, neutral, hcr,maherz,,
10575591605, neutral, hcr,maherz,,
10573372981,positive, hcr,maherz,,
10575399439,positive, hcr,maherz,,
10572919417,unsure, hcr,maherz,,
10574555525,negative,hcr,maherz,,
10576570188,negative,hcr,maherz,,
10129726329,irrelevant,other,mfarag,,
9936374665,negative,obama,mfarag,,
10185180770,negative,gop,mfarag,,
10256860708,negative,hcr,mfarag,,
10643870667,negative,obama,mfarag,,
10646226678,negative,obama,mfarag,,
10653060629,negative,hcr,mfarag,,
10219125798,neutral,hcr,mfarag,,
10253923784,neutral,hcr,mfarag,,
10271658195,neutral, hcr,mfarag,,
10292310641,neutral,hcr,mfarag,,
10645482622,neutral,hcr,mfarag,,
9954985705,positive,hcr,mfarag,,
10037317509,positive,hcr,mfarag,,this comment sounds negative. this sounds like a rhetorical question continued with sarcasm.
10224467379,positive,hcr,mfarag,,
10244205449,positive,hcr,mfarag,,
10271280360,positive, hcr,mfarag,,
10645460562,positive,hcr,mfarag,,
10665668473,positive,obama,mfarag,,
10665805699,positive,hcr,mfarag,,
10035910512, neutral, hcr,msharma,"just a fact, nothing towards or against it",
9977463631,negative,dems,msharma,wish to stop the bill and should call the number to do it,
9977478006,negative,dems,msharma,wish to stop the bill and should call the number to do it,
9977535707,negative,dems,msharma,wish to stop the bill and should call the number to do it,
9977656779,negative,dems,msharma,wish to stop the bill and should call the number to do it,
10008806140,negative,conservatives,msharma,wish to stop the bill and should call the number to do it,
10302114764,negative,other,msharma,does not have anything pro or con for health care,
10475704100,negative,hcr,msharma,quote about how health care could ruin usa,
10587812050,negative,dems,msharma,,
10651846643,negative,hcr,msharma,,
10655683449,negative,hcr,msharma,,
9853199585,positive,hcr,msharma,There is no link.,
10011050286,positive,obama,msharma,wants obama to tell people to pass the public opinion,
10122206723,positive,hcr,msharma,"reasons why health care is necessary, and cite a reputable source",
10301417226,positive,hcr,msharma,,
10446231408,positive,hcr,msharma,VERY POSITIVE WITH CAPITAL LETTERS,
10494916069,positive,hcr,msharma,need to start caring about everyone and have health care,
10551844258,positive,hcr,msharma,,
10580059605,positive,dems,msharma,,
10584513612,positive,hcr,msharma,,
10587860100,neutral,hcr,msharma,does not say if he is for obama persuading him or not,
9954511301,irrelevant,other,mteisberg,"related to hcr, but not really about any target specifically",
9962461947,irrelevant ,other ,mteisberg,,
9909212917,negative,obama,mteisberg,,
9938617429,negative,dems,mteisberg,"This looks like a negative comment towards the government in general, but taken in context it's probably aimed at dems",
9953155147,negative,hcr,mteisberg,,
9958181052,negative,obama,mteisberg,,
9976313454,negative,gop,mteisberg,,
9977518495,negative,dems,mteisberg,,
9983258813,negative,gop,mteisberg,probably sarcasm,
9994942415,negative,teaparty,mteisberg,,
9942882734,negative ,gop,mteisberg,,
9909946281,neutral,obama,mteisberg,,
9935920743,neutral,hcr,mteisberg,,
9936649534,neutral,dems,mteisberg,"Could be negative, but I think it's just reporting on a negative piece of news",
9945775788,neutral,hcr,mteisberg,,
9898207237,positive,hcr,mteisberg,,
9936316089,positive,obama,mteisberg,,
9957066258,positive,hcr,mteisberg,,
9909146000,positive,hcr,mteisberg,,
9932982701,positive,obama,mteisberg,"Could be a compliment, or sarcasm",
9935700693,irrelevant,other,mvaidya,,
9901976360,negative,other,mvaidya,"negative sentiments expressed towards the House, though positive towards hcr",
9935527157,negative,hcr,mvaidya,,
9935927799,negative,gop,mvaidya,sarcasm,
9936046758,negative,hcr,mvaidya,,"more neutral or positive, since the three things included are generally considered positive things about healthcare reform"
9936191407,negative,hcr,mvaidya,,
9936429018,negative,other,mvaidya,"negative sentiment not expressed towards obama, but rather the people he has to explain ""shit"" to.",
9938370253,negative,gop,mvaidya,,
9938927214,negative,gop,mvaidya,,
9949679630,negative,other,mvaidya,target is the media,
9886853444,neutral,dems,mvaidya,could be positive,
9935323734,neutral,hcr,mvaidya,,
9935430717,neutral,obama,mvaidya,,
9935845422,neutral,obama,mvaidya,,
9899736790,positive,hcr,mvaidya,"negative towards keith olberman, though.",
9933891787,positive,hcr,mvaidya,"use of simile suggests tweeter feels ""refreshed,"" which is positive",
9936343325,positive,hcr,mvaidya,,
9936533236,positive,obama,mvaidya,,
9935458720,neutral,obama,mvaidya,"seems neutral, but I feel that has a hidden sentiment",
9936199369,positive,hcr,mvaidya,"could be positive, but frustration is present",
9987035032, negative, liberals,nnaz,,
10009907382, negative, liberals,nnaz,,
10006183724, neutral,hcr,nnaz,could be negative,
10009540936, neutral,hcr,nnaz,,
10037191189, neutral, hcr,nnaz,,
9985629756,negative, liberals,nnaz,,
9996194413,negative,hcr,nnaz,,
9999850099,negative, dems,nnaz,,
10012028336,negative, other,nnaz,,
10029019463,negative,obama,nnaz,,
10042366994,negative, other,nnaz,,
9969657356,positive, hcr,nnaz,,
9975250118,positive,conservatives,nnaz,,
9992849922,positive,obama,nnaz,,
10002153867,positive,obama,nnaz,,
10028247666,positive, hcr,nnaz,,
10041992448,positive, other,nnaz,,
9983518840,neutral, other,nnaz,,
9984267349,negative,hcr,nnaz,,
10028191691,negative,hcr,nnaz,,
10339515466, negative, hcr,nweaver,,
10374545790, negative,obama,nweaver,,
10409842232, negative, hcr,nweaver,,
10410938349, negative, hcr,nweaver,,
10428294460, negative, dems,nweaver,,
10428630275, negative, hcr,nweaver,"target could also be Obama with the use of ""ObamaCare""",
10442299667, negative,conservatives,nweaver,,
10443243715, negative, dems,nweaver,,
10341465450, neutral, dems,nweaver,positive or negative depending on reader's view,
10348600414, neutral, hcr,nweaver,neutral tweet but tags are conservative,
10329850940,positive,hcr,nweaver,,
10334371722,positive,hcr,nweaver,"could possibly be neutral, or negative depending on the targeted audience, but seems positive ",
10335951096,positive,hcr,nweaver,,
10336291837,positive,hcr,nweaver,"use of 'damn' seems negative, but tags and having a majority is positive",
10338317329,positive, hcr,nweaver,"neutral tweet, but positive tag",
10339084846,positive, liberals,nweaver,sarcasm,
10344351470,positive, hcr,nweaver,,
10408371485,positive, hcr,nweaver,could be sarcasm,
10434978368,positive, hcr,nweaver,,
10440331957,positive,obama,nweaver,,
10105170136,negative,hcr,snuon,,
10124922629,negative,hcr,snuon,,
10132436187,negative,hcr,snuon,,
10101987109,neutral,hcr,snuon,,
10104744293,neutral,hcr,snuon,,
10115722587,neutral,other,snuon,,
10136390372,neutral,hcr,snuon,,
10108098658,positive,hcr,snuon,,
10111771545,positive,dems,snuon,,
10111987103,positive,hcr,snuon,,
10112020416,positive,dems,snuon,,
10112108535,positive,dems,snuon,,
10112354278,positive,dems,snuon,,
10112804838,positive,dems,snuon,,
10113440838,positive,dems,snuon,,
10129883818,positive,hcr,snuon,,
10132667040,positive,hcr,snuon,,
10139130243,positive,hcr,snuon,,
10124086613,negative,gop,snuon,,
10138735177,neutral,hcr,snuon,,
10053921552,positive,hcr,speriosu,,
10054451485,negative,gop,speriosu,,
10056649820,positive,hcr,speriosu,,
10059163101,negative,gop,speriosu,,
10072926087,negative,liberals,speriosu,,
10074783718,negative,conservatives,speriosu,,
10074947182,negative,liberals,speriosu,,
10076523398,neutral,gop,speriosu,,
10077598554,neutral,other,speriosu,,
10078032158,negative,gop,speriosu,,
10053210603,negative,liberals,squeak,,
10053886293,positive,hcr,squeak,,
10053953664,negative,obama,squeak,,
10057824029,negative,hcr,squeak,,
10059031479,negative,conservatives,squeak,,
10061933291,negative,hcr,squeak,,
10071482981,negative,gop,squeak,,
10076046622,negative,liberals,squeak,,
10078427587,negative,obama,squeak,,
10078758212,neutral,hcr,squeak,,
10082210680,neutral,hcr,squeak,,
10083131674,negative,liberals,squeak,,
10083159385,positive,hcr,squeak,,
10084768502,positive,hcr,squeak,,
10085608020,negative,hcr,squeak,,
10086971195,positive,other,squeak,,
10087027780,positive,hcr,squeak,,
10088097596,negative,hcr,squeak,,
10253786986,neutral,hcr,squeak,,
10256483746,negative,gop,squeak,,
10259474425,neutral,other,squeak,,
10329853264,positive,obama,squeak,,
10341131861,neutral,hcr,squeak,,
10343491424,neutral,other,squeak,,
10344172667,negative,liberals,squeak,,
10382149794,negative,gop,squeak,,
10503149272,positive,hcr,squeak,,
10519534680,neutral,other,squeak,,
10519914433,negative,obama,squeak,,
10527277601,positive,hcr,squeak,,
10527580130,positive ,hcr,squeak,,
10528621223,negative,gop,squeak,,
10530995251,negative,gop,squeak,,
10531323232,negative,dems,squeak,,
10532646283,positive,dems,squeak,,
10568957122,neutral,hcr,squeak,,
10569000612,neutral,hcr,squeak,,
10571076898,negative,dems,squeak,,
10571342247,negative,dems,squeak,,
10571345258,negative,dems,squeak,,
10574026962,negative,dems,squeak,,
10574396884,neutral,other,squeak,,
10604930286,negative,dems,squeak,,
10606525807,negative,obama,squeak,,
10618960246,neutral,other,squeak,,
10639413350,negative,hcr,squeak,,
10639690812,negative,hcr,squeak,,
10651506029,negative,liberals,squeak,,
10651681876,negative,gop,squeak,,
10651751500,positive,hcr,squeak,,
10654068609,neutral,hcr,squeak,,
10654097519,negative,dems,squeak,,
10654658480,positive,gop,squeak,,
10655504425,neutral,hcr,squeak,,
10656856286,neutral,other,squeak,,
10001651951, negative, hcr,sreed,,
9953672079,irrelevant,other,sreed,it's an advertisment,
10084235928,irrelevant,other,sreed,???,
9953478849,negative,hcr,sreed,,
9954225461,negative, gop,sreed,,
9962479155,negative, hcr,sreed,mean simile,
9995264122,negative, dems,sreed,,
9995428243,negative,obama,sreed,,
9998850730,negative, gop,sreed,,
9999815009,negative,obama,sreed,,
10001823678,negative,gop,sreed,,
10007254377,negative, liberals,sreed,,
10031685672,negative, dems,sreed,,
10237278053,negative, hcr,sreed,,I believe this is positive towards HCR
9968612604,neutral  , hcr,sreed,,
9953041852,positive, gop,sreed,"could be negative, but has a positive review",
9997966021,positive, gop,sreed,,
10000125516,positive,conservatives,sreed,maybe negative,
10233691334,positive, dems,sreed,,
10237213889,positive, hcr,sreed,,
9940994349,negative,gop,tdavis,,
9946057301,negative,other,tdavis,,
9947292394,negative,obama,tdavis,,
9961774950,negative,obama,tdavis,,
9975112784,negative,gop,tdavis,,
9977541511,negative,gop,tdavis,,
9979033977,negative,obama,tdavis,,
9984002264,negative,hcr,tdavis,,
9986198954,negative,hcr,tdavis,,
9995364707,negative,gop,tdavis,sarcasm,
9998765891,negative,conservatives,tdavis,,
10000480583,negative,obama,tdavis,,
10006561897,negative,obama,tdavis,,
9929352133,positive,hcr,tdavis,,
9936108866,positive,hcr,tdavis,,
9960582848,positive,hcr,tdavis,,
9969012693,positive,hcr,tdavis,,
9986922948,positive,obama,tdavis,,
10003682209,positive,hcr,tdavis,,
10227786480,positive,hcr,tdavis,,
9953243624,positive, hcr,Thanna,,
9938598085, negative, other,Thanna,,
9938786804, negative, hcr,Thanna,,
9940688653, negative, gop,Thanna,,
9941958203, negative,obama,Thanna,,
9945738509, negative, hcr,Thanna,,
9947211719, negative, gop,Thanna,,
9948813461, negative,obama,Thanna,,
9952134555, negative, other,Thanna,,
9953186612, negative, other,Thanna,,
9958145042, negative,obama,Thanna,,
9934796169, neutral, hcr,Thanna,,
9937744264, neutral, hcr,Thanna,,
9937923198, neutral, hcr,Thanna,,
9938849391, neutral, hcr,Thanna,,
9939410084, neutral, other,Thanna,,
9946256587, neutral, hcr,Thanna,,
9955359654,positive, hcr,Thanna,,
9955571029,positive, hcr,Thanna,,
9959863595,positive, hcr,Thanna,,
9948274981,negative,stupak,Thanna,,
9845132245,irrelevant, other,twright,,
9651973635, negative,obama,twright,,
9834692682, negative, conservatives,twright,,
9836083776, negative, hcr,twright,,
9836208371, negative, conservatives,twright,,
9837474744, negative, conservatives,twright,,
9839825900, negative, conservatives,twright,,
9841649476, negative,other,twright,,
9841866709, negative, other,twright,"Negative about John McCain, but I can't tell if McCain is with conservatives generally in this context or failing to toe the conservative line as he sometimes does.",
9848101838, negative,obama,twright,,
9848564431, negative, hcr,twright,,
9849328479, negative, conservatives,twright,,
9825117150, neutral, other,twright,,
9834782823, neutral, other,twright,,
9837763331, neutral, other,twright,,
9838960580, neutral, other,twright,,
9842280460,positive, hcr,twright,,
9835180142,positive,gop,twright,,
9841100565,negative, other,twright,"This is actually negative about the media, but it's impossible to tell how the person feels about #hcr from the comment.",
9846416933,negative, hcr,twright,,
9846978818,irrelevant, other,twright,,
10675472616,irrelevant,hcr,yjassal,,
10672520525,negative ,hcr,yjassal,,
10672580080,negative ,hcr,yjassal,,
10672589586,negative ,hcr,yjassal,,
10672718398,negative ,hcr,yjassal,,
10673334450,negative ,hcr,yjassal,,
10673694511,negative ,hcr,yjassal,,
10675424589,negative ,obama,yjassal,,
10675494766,negative ,hcr,yjassal,,
10671667680,positive,hcr,yjassal,,
10673984816,positive,hcr,yjassal,,
10668983238,neutral,obama,yjassal,,
10672202485,positive,hcr,yjassal,repeat of number 1481,
10672426195,neutral,hcr,yjassal,just a statement,
10672716600,positive,hcr,yjassal,seems like just a statement,
10673093798,positive,hcr,yjassal,,
10673677198,positive,hcr,yjassal,,
10674246778,positive,hcr,yjassal,,
10674648758,neutral,hcr,yjassal,,
10674805901,neutral,hcr,yjassal,,
10093494135,negative,hcr,jbaldridge,,
10123925624,positive,dems,jbaldridge,,
10126767359,negative,hcr,jbaldridge,,
10129689374,positive,hcr,jbaldridge,,
10131859408,negative,hcr,jbaldridge,,
10137147325,positive,hcr,jbaldridge,,
10141925056,negative,gop,jbaldridge,,
10147329064,positive,hcr,jbaldridge,,
10148344895,negative,hcr,jbaldridge,,
10157650687,positive,hcr,jbaldridge,,
10173124404,positive,hcr,jbaldridge,,
10173512216,neutral,other,jbaldridge,More to it than this...,
10175881418,irrelevant,other,jbaldridge,,
10177235823,positive,other,jbaldridge,Massa was forced to step down for opposing HCR,
10183676761,negative,hcr,jbaldridge,,
10184760037,negative,other,jbaldridge,,
10184996912,negative,other,jbaldridge,,
10186097163,negative,hcr,jbaldridge,,
10186529466,irrelevant,other,jbaldridge,,
10190189204,negative,hcr,jbaldridge,,
10190780801,neutral,conservatives,jbaldridge,,
10191128753,positive,teaparty,jbaldridge,,
10191610107,negative,gop,jbaldridge,,
10194949756,negative,hcr,jbaldridge,,
10195267629,negative,gop,jbaldridge,,
10195289564,positive,hcr,jbaldridge,,
10197843490,positive,hcr,jbaldridge,,
10198710610,negative,hcr,jbaldridge,,
10200067940,negative,dems,jbaldridge,,
10200780771,neutral,hcr,jbaldridge,,
10201340222,positive,hcr,jbaldridge,,
10201345542,positive,hcr,jbaldridge,,
10207278391,negative,gop,jbaldridge,,
10217638313,positive,dems,jbaldridge,,
10219422598,neutral,hcr,jbaldridge,,
10220339568,negative,dems,supadhyay,,
10222578286,neutral,hcr,supadhyay,"new-like, though biased due to hashtags",
10224035977,neutral,other,supadhyay,mostly news,
10224726043,negative,hcr,supadhyay,,
10224743194, negative,hcr,supadhyay,"Call to action to kill bill, negative undertones",
10224964847, neutral,hcr,supadhyay,news,
10227417998,negative,hcr,supadhyay,,
10228100333, neutral,hcr,supadhyay,news,
10228269523, neutral,other,supadhyay,"comments about rally, not the bill",
10228414987,neutral,other,supadhyay,,
10229513669,positive,hcr,supadhyay,,
10229690436,negative,other,supadhyay,towards the media,
10229717577,negative,gop,supadhyay,,
10230053536, neutral,hcr,supadhyay,,
10230061470,positive, liberals,supadhyay,,
10230265172,positive,hcr,supadhyay,,
10230296599,positive,hcr,supadhyay,User adds sarcasm with rhetorical question,
10230392099,positive,hcr,supadhyay,,
10230424543,negative,other,supadhyay,Seems user is complaining about coverage of rally,
10230568645,negative,other,supadhyay,,
10231225219,negative,other,supadhyay,,
10233769989,neutral,hcr,supadhyay,News,
10237797825,neutral,hcr,supadhyay,"News, with slight right lean",
10238105454,neutral,other,supadhyay,,
10238368065,neutral,hcr,supadhyay,,
10240419122,neutral,hcr,supadhyay,,
10245305385,neutral,hcr,supadhyay,"Informative, with slight positive lean",
10248233884,neutral,hcr,supadhyay,Information,
10248647273,negative,hcr,supadhyay,Subtle negativity towards size and uncertainty of bill ,
10250224563,unsure,hcr,supadhyay,,
10250921636,positive,hcr,supadhyay,,
10254212329, neutral,hcr,supadhyay,News,
10254232168,positive,hcr,supadhyay,Complex,
10254298807,unsure,hcr,supadhyay,Requires context of the deals referenced,
10255550089,irrelevant,gop,supadhyay,,
10256721514, negative,obama,supadhyay,,
10257202676,neutral,other,supadhyay,Reference to long lecture on Beck's show,
10258099448,negative,stupak,supadhyay,,
10272824326,irrelevant,hcr,supadhyay,,
10274296447,negative,hcr,supadhyay,See tweet above,
10274889692,,,,,
10281256232,,,,,
10281802632,,,,,
10283773153,,,,,
10284437216,,,,,
10284948756,,,,,
10286619614,,,,,
10289871260,,,,,
10289949077,,,,,
10291608886,,,,,
10292924155,,,,,
10293184518,,,,,
10293330451,,,,,
10294047245,,,,,
10294634461,,,,,
10295901219,,,,,
10295947441,,,,,
10296511881,,,,,
10297561575,,,,,
10298892587,,,,,
10300347443,,,,,
10301366437,,,,,
10301592376,,,,,
10301620697,,,,,
10301758918,,,,,
10302366828,,,,,
10302786393,,,,,
10302859658,,,,,
10303541213,,,,,
10303996531,,,,,
10304598962,,,,,
10305681633,,,,,
10306060050,,,,,
10306371646,,,,,
10306508612,,,,,
10306518893,,,,,
10307235841,,,,,
10307430649,,,,,
10307614488,,,,,
10307998058,,,,,
10311694997,,,,,
10315281714,,,,,
10315541760,,,,,
10320072801,,,,,
10322841934,,,,,
10323259129,,,,,
10324576677,,,,,
10324594204,,,,,
10324693207,,,,,
10325111046,,,,,
10325743340,,,,,
10326486743,,,,,
10327076225,,,,,
10327174452,,,,,
10327342978,,,,,
10327577867,,,,,
10327852201,,,,,
10328121630,,,,,
10328866396,,,,,
10329074501,,,,,
10329966650,,,,,
10331286695,,,,,
10331891288,,,,,
10332263404,,,,,
10333776630,,,,,
10334022640,,,,,
10334711500,,,,,
10334939587,,,,,
10335327415,,,,,
10335367999,,,,,
10335973190,,,,,
10336856985,,,,,
10338022633,,,,,
10338205525,,,,,
10338618152,,,,,
10338755303,,,,,
10339226679,,,,,
10339322890,,,,,
10339528439,,,,,
10339985243,,,,,
10340143555,,,,,
10341206524,,,,,
10341221833,,,,,
10341758483,,,,,
10342448419,,,,,
10343021968,,,,,
10343093267,,,,,
10345049224,,,,,
10345083578,,,,,
10345186562,,,,,
10345586077,,,,,
10346064299,,,,,
10348554260,,,,,
10348657388,,,,,
10348663313,,,,,
10349354346,,,,,
10349783375,,,,,
10349972298,,,,,
10351118904,,,,,
10351410520,,,,,
10352167268,,,,,
10352611181,,,,,
10352801937,,,,,
10352886115,,,,,
10353768441,,,,,
10354019534,,,,,
10354251845,,,,,
10354847590,,,,,
10355970971,,,,,
10356589854,,,,,
10356712283,,,,,
10357259695,,,,,
10359623965,,,,,
10362009728,,,,,
10362095890,,,,,
10363604836,,,,,
10366050199,,,,,
10369393281,,,,,
10369471663,,,,,
10369546614,,,,,
10371093764,,,,,
10371668387,,,,,
10372323021,,,,,
10372820071,,,,,
10373858650,,,,,
10373893290,,,,,
10374312140,,,,,
10374411107,,,,,
10374468561,,,,,
10374937450,,,,,
10375793112,,,,,
10376757526,,,,,
10379025692,,,,,
10379449188,,,,,
10379564365,,,,,
10379629707,,,,,
10380589467,,,,,
10380628271,,,,,
10380902033,,,,,
10380999704,,,,,
10381470456,,,,,
10381590000,,,,,
10381660370,,,,,
10381666083,,,,,
10382304904,,,,,
10382977129,,,,,
10384291010,,,,,
10384870189,,,,,
10385737935,,,,,
10385892939,,,,,
10387133061,,,,,
10387145265,,,,,
10387242131,,,,,
10388218513,,,,,
10388536799,,,,,
10389012689,,,,,
10389048348,,,,,
10389197514,,,,,
10391002850,,,,,
10392758589,,,,,
10392762099,,,,,
10392967512,,,,,
10393195855,,,,,
10393554327,,,,,
10394943858,,,,,
10396049039,,,,,
10396118851,,,,,
10396120179,,,,,
10396919174,,,,,
10397805121,,,,,
10397953755,,,,,
10398620127,,,,,
10399556451,,,,,
10399918162,,,,,
10400439811,,,,,
10402979904,,,,,
10403031418,,,,,
10403892536,,,,,
10404781089,,,,,
10406005207,,,,,
10406251808,,,,,
10406903338,,,,,
10407210999,,,,,
10411875328,,,,,
10415227579,,,,,
10415250253,,,,,
10418549503,,,,,
10418836122,,,,,
10419760986,,,,,
10420892862,,,,,
10423030844,,,,,
10425709654,,,,,
10427191662,,,,,
10427525953,,,,,
10429238995,,,,,
10430599758,,,,,
10431778817,,,,,
10432060379,,,,,
10432369277,,,,,
10432687747,,,,,
10434006141,,,,,
10435173998,,,,,
10436027964,,,,,
10436635890,,,,,
10437659635,,,,,
10439214584,,,,,
10439564997,,,,,
10439720405,,,,,
10440778261,,,,,
10442607468,,,,,
10443643947,,,,,
10447054321,,,,,
10447838987,,,,,
10448280281,,,,,
10448362276,,,,,
10449199596,,,,,
10449519580,,,,,
10449540527,,,,,
10450770346,,,,,
10451709965,,,,,
10453873432,,,,,
10455369805,,,,,
10460753961,,,,,
10460877488,,,,,
10464969297,,,,,
10465172457,,,,,
10466869597,,,,,
10469449834,,,,,
10469663815,,,,,
10470673493,,,,,
10471850763,,,,,
10472689052,,,,,
10473048978,,,,,
10473848136,,,,,
10473926021,,,,,
10474057956,,,,,
10474198125,,,,,
10474600747,,,,,
10476786640,,,,,
10477862391,,,,,
10478745937,,,,,
10479156824,,,,,
10479500443,,,,,
10479953202,,,,,
10481172337,,,,,
10481250370,,,,,
10481267896,,,,,
10481733885,,,,,
10482516369,,,,,
10482689529,,,,,
10484012353,,,,,
10484581799,,,,,
10485070818,,,,,
10485325977,,,,,
10486326206,,,,,
10486661475,,,,,
10487246440,,,,,
10487255543,,,,,
10487333527,,,,,
10487414223,,,,,
10487686085,,,,,
10487846626,,,,,
10490057029,,,,,
10491366802,,,,,
10491388069,,,,,
10491780099,,,,,
10495786626,,,,,
10496569463,,,,,
10497327231,,,,,
10497651618,,,,,
10497860395,,,,,
10497878126,,,,,
10499285097,,,,,
10499344245,,,,,
10499700332,,,,,
10500661897,,,,,
10501037951,,,,,
10501288583,,,,,
10501727546,,,,,
10501793906,,,,,
10501862780,,,,,
10502022511,,,,,
10502287284,,,,,
10502287491,,,,,
10502332942,,,,,
10502672235,,,,,
10503172669,,,,,
10503650990,,,,,
10503686999,,,,,
10505213782,,,,,
10505482144,,,,,
10507476482,,,,,
10511146944,,,,,
10512580437,,,,,
10512592957,,,,,
10512897795,,,,,
10513099310,,,,,
10513151100,,,,,
10514160496,,,,,
10514196128,,,,,
10514465628,,,,,
10514916966,,,,,
10515106378,,,,,
10515561404,,,,,
10515673255,,,,,
10515872723,,,,,
10516895874,,,,,
10517107776,,,,,
10517149588,,,,,
10518726989,,,,,
10519777239,,,,,
10520921386,,,,,
10520936740,,,,,
10520990884,,,,,
10521104803,,,,,
10521232416,,,,,
10521639319,,,,,
10522387509,,,,,
10522854932,,,,,
10523665318,,,,,
10523800314,,,,,
10523832200,,,,,
10523891043,,,,,
10525080996,,,,,
10525155943,,,,,
10525291370,,,,,
10525331100,,,,,
10526001178,,,,,
10526104547,,,,,
10527236042,,,,,
10527324230,,,,,
10527808657,,,,,
10527812587,,,,,
10528140679,,,,,
10528185386,,,,,
10528575655,,,,,
10528780489,,,,,
10528956185,,,,,
10528966389,,,,,
10529068629,,,,,
10529085764,,,,,
10529261576,,,,,
10529585499,,,,,
10530748146,,,,,
10530958219,,,,,
10531198275,,,,,
10531256216,,,,,
10531315378,,,,,
10531611559,,,,,
10531826741,,,,,
10531860624,,,,,
10532017083,,,,,
10532019954,,,,,
10532286402,,,,,
10532732082,,,,,
10532806802,,,,,
10532897676,,,,,
10533332472,,,,,
10533385176,,,,,
10533476076,,,,,
10533613882,,,,,
10534350507,,,,,
10534376554,,,,,
10534580106,,,,,
10534781394,,,,,
10534804574,,,,,
10535100953,,,,,
10535145822,,,,,
10535192742,,,,,
10535511967,,,,,
10535892603,,,,,
10536267900,,,,,
10536301950,,,,,
10536385712,,,,,
10536485532,,,,,
10536519475,,,,,
10536628103,,,,,
10536702717,,,,,
10536948405,,,,,
10537069821,,,,,
10537120746,,,,,
10537212361,,,,,
10537427003,,,,,
10537539158,,,,,
10537615181,,,,,
10537617376,,,,,
10537757391,,,,,
10537917246,,,,,
10538196744,,,,,
10538702979,,,,,
10539265344,,,,,
10539914475,,,,,
10540399722,,,,,
10540495796,,,,,
10540506592,,,,,
10540735471,,,,,
10540805506,,,,,
10540980776,,,,,
10541048161,,,,,
10541076582,,,,,
10541096104,,,,,
10541691355,,,,,
10541696720,,,,,
10542466888,,,,,
10543867412,,,,,
10544571840,,,,,
10545448264,,,,,
10546199100,,,,,
10546559993,,,,,
10547785363,,,,,
10547909394,,,,,
10547997432,,,,,
10548141937,,,,,
10548794364,,,,,
10549456279,,,,,
10549905669,,,,,
10550810190,,,,,
10553073664,,,,,
10553268983,,,,,
10555607232,,,,,
10556432948,,,,,
10556827561,,,,,
10557090077,,,,,
10557425212,,,,,
10557789115,,,,,
10558252753,,,,,
10561677867,,,,,
10562234338,,,,,
10563885482,,,,,
10563905686,,,,,
10565277204,,,,,
10565498177,,,,,
10565960290,,,,,
10566234757,,,,,
10566352716,,,,,
10566360771,,,,,
10567595827,,,,,
10567804048,,,,,
10568692371,,,,,
10568780976,,,,,
10568822512,,,,,
10569016384,,,,,
10569037303,,,,,
10570302974,,,,,
10570665206,,,,,
10570967880,,,,,
10571087174,,,,,
10571244382,,,,,
10571499789,,,,,
10571706043,,,,,
10571963569,,,,,
10572021099,,,,,
10572123232,,,,,
10572296361,,,,,
10572670133,,,,,
10574096702,,,,,
10574199045,,,,,
10574768744,,,,,
10575710586,,,,,
10576649242,,,,,
10577306249,,,,,
10577440889,,,,,
10577566193,,,,,
10577676422,,,,,
10578196800,,,,,
10578648601,,,,,
10578762532,,,,,
10578774358,,,,,
10578789696,,,,,
10579164644,,,,,
10579191627,,,,,
10579232040,,,,,
10579380293,,,,,
10579425965,,,,,
10579487073,,,,,
10579638794,,,,,
10579652998,,,,,
10579659605,,,,,
10579697668,,,,,
10579922466,,,,,
10579962687,,,,,
10580364122,,,,,
10580550395,,,,,
10580557566,,,,,
10580706759,,,,,
10580802775,,,,,
10580968705,,,,,
10581207864,,,,,
10581591248,,,,,
10581695960,,,,,
10581888500,,,,,
10582146208,,,,,
10582153138,,,,,
10582216625,,,,,
10582342410,,,,,
10582838721,,,,,
10583016280,,,,,
10583027129,,,,,
10583254126,,,,,
10583281130,,,,,
10583724253,,,,,
10584102421,,,,,
10584302657,,,,,
10584664242,,,,,
10584941838,,,,,
10584975455,,,,,
10585100612,,,,,
10585249547,,,,,
10585732559,,,,,
10586059958,,,,,
10586141790,,,,,
10586255596,,,,,
10586333759,,,,,
10586528851,,,,,
10586564744,,,,,
10586623033,,,,,
10586772680,,,,,
10587025502,,,,,
10587372640,,,,,
10587433629,,,,,
10587899737,,,,,
10587987087,,,,,
10588068253,,,,,
10588152066,,,,,
10588359608,,,,,
10588380905,,,,,
10588536749,,,,,
10588591460,,,,,
10589080574,,,,,
10589235778,,,,,
10589667379,,,,,
10590561534,,,,,
10590840234,,,,,
10590867803,,,,,
10591302654,,,,,
10591546999,,,,,
10591680620,,,,,
10592153808,,,,,
10592661780,,,,,
10593298089,,,,,
10593946341,,,,,
10594092853,,,,,
10594773087,,,,,
10594882571,,,,,
10595242528,,,,,
10596508046,,,,,
10597366336,,,,,
10599267369,,,,,
10600556168,,,,,
10601362009,,,,,
10601666652,,,,,
10602613605,,,,,
10603048150,,,,,
10603300859,,,,,
10603393689,,,,,
10603813429,,,,,
10603960937,,,,,
10604127736,,,,,
10604246743,,,,,
10604914174,,,,,
10606495330,,,,,
10607373100,,,,,
10621891044,,,,,
10625030774,,,,,
10627413312,,,,,
10629212377,,,,,
10629637495,,,,,
10629683968,,,,,
10629717311,,,,,
10630073143,,,,,
10630763756,,,,,
10630800100,,,,,
10630854190,,,,,
10630944980,,,,,
10630981540,,,,,
10632177453,,,,,
10632446730,,,,,
10632593757,,,,,
10633500018,,,,,
10633556930,,,,,
10633721763,,,,,
10633833545,,,,,
10633835365,,,,,
10633944638,,,,,
10634021751,,,,,
10634533670,,,,,
10634993174,,,,,
10635003787,,,,,
10635067089,,,,,
10635106351,,,,,
10635155881,,,,,
10635429097,,,,,
10635815544,,,,,
10635859502,,,,,
10635902648,,,,,
10635954980,,,,,
10635984811,,,,,
10635992619,,,,,
10636009255,,,,,
10636269975,,,,,
10636604684,,,,,
10636766741,,,,,
10636910580,,,,,
10636997696,,,,,
10637118961,,,,,
10637208671,,,,,
10637330558,,,,,
10637433302,,,,,
10637655709,,,,,
10637768413,,,,,
10637815231,,,,,
10637964380,,,,,
10638123039,,,,,
10638361220,,,,,
10638481318,,,,,
10638484962,,,,,
10638704941,,,,,
10638831129,,,,,
10638854598,,,,,
10638990799,,,,,
10639025656,,,,,
10639270035,,,,,
10639551337,,,,,
10639781642,,,,,
10639952627,,,,,
10639960242,,,,,
10640153620,,,,,
10640494526,,,,,
10640541691,,,,,
10640625618,,,,,
10641059392,,,,,
10641103411,,,,,
10641192076,,,,,
10641209755,,,,,
10641919078,,,,,
10642469904,,,,,
10642615079,,,,,
10642629502,,,,,
10642667713,,,,,
10642866742,,,,,
10642987431,,,,,
10642989317,,,,,
10643666948,,,,,
10644985727,,,,,
10646390543,,,,,
10646504256,,,,,
10647134981,,,,,
10647201653,,,,,
10647238500,,,,,
10647748288,,,,,
10648168033,,,,,
10648290698,,,,,
10648460352,,,,,
10648510472,,,,,
10648630221,,,,,
10648686196,,,,,
10649072241,,,,,
10650391027,,,,,
10650561533,,,,,